id,url,category,actual_threat,our_prediction,description,status,created_at
11,http://test69.com,false_negative,Phishing,Benign,,approved,2026-04-10T14:31:47.077957
9,http://test5.com,false_negative,Benign,Phishing,,approved,2026-04-09T16:42:30.820275
5,http://test3.com,false_negative,Phishing,Benign,,approved,2026-04-09T16:32:58.789149
1,http://susp.com,false_negative,Phishing,Benign,Looks malicious and asks for login details,approved,2026-04-08T16:05:05.515913
16,http://test14.com,false_negative,Phishing,Benign,,approved,2026-04-11T17:32:27.246636
17,http://test15.com,false_negative,Phishing,Benign,,approved,2026-04-12T07:34:35.107127
18,http://test88.com,false_negative,Phishing,Benign,,approved,2026-04-13T16:20:14.536786
19,http://test16.com,false_positive,Benign,Phishing,it is safe,approved,2026-04-14T06:42:02.417344
20,http://test22.com,false_negative,Phishing,Benign,,approved,2026-04-16T13:40:14.519968
